{
	"info": {
		"_postman_id": "bbcd0007-f25a-4790-9d3d-381ffee89732",
		"name": "Restaurant",
		"schema": "https://schema.getpostman.com/json/collection/v2.1.0/collection.json",
		"_exporter_id": "32655405"
	},
	"item": [
		{
			"name": "Auth",
			"item": [
				{
					"name": "đăng nhập",
					"request": {
						"auth": {
							"type": "noauth"
						},
						"method": "POST",
						"header": [],
						"body": {
							"mode": "urlencoded",
							"urlencoded": [
								{
									"key": "username",
									"value": "admin",
									"type": "text"
								},
								{
									"key": "password",
									"value": "123456",
									"type": "text"
								}
							]
						},
						"url": {
							"raw": "http://localhost:3000/api/admin/login",
							"protocol": "http",
							"host": [
								"localhost"
							],
							"port": "3000",
							"path": [
								"api",
								"admin",
								"login"
							]
						}
					},
					"response": []
				},
				{
					"name": "test đăng nhập",
					"protocolProfileBehavior": {
						"disableBodyPruning": true
					},
					"request": {
						"auth": {
							"type": "noauth"
						},
						"method": "GET",
						"header": [],
						"body": {
							"mode": "urlencoded",
							"urlencoded": [
								{
									"key": "oldPassword",
									"value": "12345678",
									"type": "text"
								},
								{
									"key": "newPassword",
									"value": "123456",
									"type": "text"
								}
							]
						},
						"url": {
							"raw": "http://localhost:3000/testLogin",
							"protocol": "http",
							"host": [
								"localhost"
							],
							"port": "3000",
							"path": [
								"testLogin"
							]
						}
					},
					"response": []
				},
				{
					"name": "đăng xuất",
					"request": {
						"auth": {
							"type": "noauth"
						},
						"method": "POST",
						"header": [],
						"url": {
							"raw": "http://localhost:3000/api/admin/logout",
							"protocol": "http",
							"host": [
								"localhost"
							],
							"port": "3000",
							"path": [
								"api",
								"admin",
								"logout"
							]
						}
					},
					"response": []
				}
			]
		},
		{
			"name": "Reservation",
			"item": [
				{
					"name": "đặt bàn",
					"request": {
						"auth": {
							"type": "noauth"
						},
						"method": "POST",
						"header": [],
						"body": {
							"mode": "urlencoded",
							"urlencoded": [
								{
									"key": "Cus_FullName",
									"value": "Bùi Quang Hiệp",
									"type": "text"
								},
								{
									"key": "Cus_Phone",
									"value": "0973489531",
									"type": "text"
								},
								{
									"key": "ArrivalTime",
									"value": "12/29/2025 05:00",
									"type": "text"
								},
								{
									"key": "NumAdults",
									"value": "5",
									"type": "text"
								},
								{
									"key": "NumChildren",
									"value": "0",
									"type": "text"
								},
								{
									"key": "Note",
									"value": "Bún đậu mắm tôm",
									"type": "text"
								}
							]
						},
						"url": {
							"raw": "http://localhost:3000/api/reservations/reserve",
							"protocol": "http",
							"host": [
								"localhost"
							],
							"port": "3000",
							"path": [
								"api",
								"reservations",
								"reserve"
							]
						}
					},
					"response": []
				},
				{
					"name": "tra cứu ds đặt bàn theo name+sdt",
					"protocolProfileBehavior": {
						"disableBodyPruning": true
					},
					"request": {
						"auth": {
							"type": "noauth"
						},
						"method": "GET",
						"header": [],
						"body": {
							"mode": "urlencoded",
							"urlencoded": [
								{
									"key": "Cus_FullName",
									"value": "Bùi Quang hiệp",
									"type": "text"
								},
								{
									"key": "Cus_Phone",
									"value": "0973489531",
									"type": "text"
								}
							]
						},
						"url": {
							"raw": "http://localhost:3000/api/reservations/getReservationsByUserInfo",
							"protocol": "http",
							"host": [
								"localhost"
							],
							"port": "3000",
							"path": [
								"api",
								"reservations",
								"getReservationsByUserInfo"
							]
						}
					},
					"response": []
				},
				{
					"name": "lấy danh sách đơn đặt",
					"protocolProfileBehavior": {
						"disableBodyPruning": true
					},
					"request": {
						"auth": {
							"type": "noauth"
						},
						"method": "GET",
						"header": [],
						"body": {
							"mode": "urlencoded",
							"urlencoded": [
								{
									"key": "Cus_Phone",
									"value": "0973489531",
									"type": "text",
									"disabled": true
								},
								{
									"key": "timeRange",
									"value": "5",
									"type": "text"
								},
								{
									"key": "Status",
									"value": "",
									"type": "text",
									"disabled": true
								}
							]
						},
						"url": {
							"raw": "http://localhost:3000/api/reservations/getAllReservation",
							"protocol": "http",
							"host": [
								"localhost"
							],
							"port": "3000",
							"path": [
								"api",
								"reservations",
								"getAllReservation"
							]
						}
					},
					"response": []
				},
				{
					"name": "Từ chối đơn đặt chỗ",
					"request": {
						"auth": {
							"type": "noauth"
						},
						"method": "POST",
						"header": [],
						"body": {
							"mode": "urlencoded",
							"urlencoded": [
								{
									"key": "reject_reason",
									"value": "Quán hết bàn",
									"type": "text",
									"disabled": true
								}
							]
						},
						"url": {
							"raw": "http://localhost:3000/api/reservations/rejectReservation/:idDon",
							"protocol": "http",
							"host": [
								"localhost"
							],
							"port": "3000",
							"path": [
								"api",
								"reservations",
								"rejectReservation",
								":idDon"
							],
							"variable": [
								{
									"key": "idDon",
									"value": "5"
								}
							]
						}
					},
					"response": []
				},
				{
					"name": "gán bàn vô đơn",
					"request": {
						"auth": {
							"type": "noauth"
						},
						"method": "POST",
						"header": [],
						"body": {
							"mode": "urlencoded",
							"urlencoded": [
								{
									"key": "reservationID",
									"value": "1",
									"type": "text"
								},
								{
									"key": "tableIDList",
									"value": "[1]",
									"type": "text"
								}
							]
						},
						"url": {
							"raw": "http://localhost:3000/api/reservations/assign",
							"protocol": "http",
							"host": [
								"localhost"
							],
							"port": "3000",
							"path": [
								"api",
								"reservations",
								"assign"
							]
						}
					},
					"response": []
				},
				{
					"name": "cập nhật đơn đặt bàn",
					"request": {
						"method": "PUT",
						"header": [],
						"body": {
							"mode": "urlencoded",
							"urlencoded": [
								{
									"key": "NumAdults",
									"value": "4",
									"type": "text",
									"disabled": true
								},
								{
									"key": "NumChildren",
									"value": "11",
									"type": "text",
									"disabled": true
								},
								{
									"key": "ArrivalTime",
									"value": "03/13/2025 4:00:00",
									"type": "text"
								}
							]
						},
						"url": {
							"raw": "http://localhost:3000/api/reservations/update/:id",
							"protocol": "http",
							"host": [
								"localhost"
							],
							"port": "3000",
							"path": [
								"api",
								"reservations",
								"update",
								":id"
							],
							"variable": [
								{
									"key": "id",
									"value": "1"
								}
							]
						}
					},
					"response": []
				}
			]
		},
		{
			"name": "DiningTable",
			"item": [
				{
					"name": "tạo bàn",
					"request": {
						"auth": {
							"type": "noauth"
						},
						"method": "POST",
						"header": [],
						"body": {
							"mode": "urlencoded",
							"urlencoded": [
								{
									"key": "TableNumber",
									"value": "A123",
									"type": "text"
								},
								{
									"key": "Capacity",
									"value": "1",
									"type": "text"
								},
								{
									"key": "Location",
									"value": "Vị trí k",
									"type": "text"
								}
							]
						},
						"url": {
							"raw": "http://localhost:3000/api/diningTable/createDiningTable",
							"protocol": "http",
							"host": [
								"localhost"
							],
							"port": "3000",
							"path": [
								"api",
								"diningTable",
								"createDiningTable"
							]
						}
					},
					"response": []
				},
				{
					"name": "cập nhật bàn",
					"request": {
						"auth": {
							"type": "noauth"
						},
						"method": "PUT",
						"header": [],
						"body": {
							"mode": "urlencoded",
							"urlencoded": [
								{
									"key": "Capacity",
									"value": "8",
									"type": "text"
								},
								{
									"key": "Location",
									"value": "Vị trí zx kkk",
									"type": "text"
								},
								{
									"key": "Status",
									"value": "Maintenance",
									"type": "text"
								}
							]
						},
						"url": {
							"raw": "http://localhost:3000/api/diningTable/updateDiningTable/1",
							"protocol": "http",
							"host": [
								"localhost"
							],
							"port": "3000",
							"path": [
								"api",
								"diningTable",
								"updateDiningTable",
								"1"
							]
						}
					},
					"response": []
				},
				{
					"name": "lấy danh sách bàn",
					"protocolProfileBehavior": {
						"disableBodyPruning": true
					},
					"request": {
						"auth": {
							"type": "noauth"
						},
						"method": "GET",
						"header": [],
						"body": {
							"mode": "urlencoded",
							"urlencoded": [
								{
									"key": "peopleCount",
									"value": "8",
									"type": "text",
									"disabled": true
								},
								{
									"key": "arrivalTime",
									"value": "2025-03-12 01:30:01",
									"type": "text",
									"disabled": true
								},
								{
									"key": "status",
									"value": "Maintenance",
									"type": "text"
								},
								{
									"key": "status",
									"value": "Maintenance",
									"type": "text"
								}
							]
						},
						"url": {
							"raw": "http://localhost:3000/api/diningTable/getAllDiningTable",
							"protocol": "http",
							"host": [
								"localhost"
							],
							"port": "3000",
							"path": [
								"api",
								"diningTable",
								"getAllDiningTable"
							]
						}
					},
					"response": []
				},
				{
					"name": "xóa bàn",
					"request": {
						"auth": {
							"type": "noauth"
						},
						"method": "DELETE",
						"header": [],
						"url": {
							"raw": "http://localhost:3000/api/diningTable/deleteDiningTable/:idBan",
							"protocol": "http",
							"host": [
								"localhost"
							],
							"port": "3000",
							"path": [
								"api",
								"diningTable",
								"deleteDiningTable",
								":idBan"
							],
							"variable": [
								{
									"key": "idBan",
									"value": "5"
								}
							]
						}
					},
					"response": []
				}
			]
		}
	]
}